filing_year,Tier 0
2007,
2008,
2009,
2010,0.75
2011,0.7125
2012,0.5625
2013,0.4166666666666667
2014,0.5125
2015,0.42857142857142855
2016,0.5033333333333334
2017,0.450625
2018,0.41363636363636364
